time,fQ_hat_x,fQ_hat_y,fQ_hat_z,fL_hat_x,fL_hat_y,fL_hat_z,fQ_x_true,fQ_y_true,fQ_z_true,fL_x_true,fL_y_true,fL_z_true
0.0,0.034898359262566014,-0.02397002750575572,0.08871468028581075,0.010208952473471644,0.09198383566392732,0.025992943331735407,0.0,0.0,0.0,0.01,0.01,0.01
0.047058823529411764,0.022159118752398843,0.0111655463092859,0.036894250119172245,0.01812285303123584,0.02151432908983608,0.05123027801506552,0.00023527240714146244,0.00023527240714146244,0.00023527240714146244,0.009996014105647828,0.009996014105647828,0.009996014105647828
0.09411764705882353,0.026242578019199048,0.006020838960694164,0.051734889453595834,-0.00921754933206076,0.012671708541385662,0.04476002081748476,0.00047041456567238366,0.00047041456567238366,0.00047041456567238366,0.00998405960006207,0.00998405960006207,0.00998405960006207
0.1411764705882353,0.03066923272564903,-0.0011396586816916354,0.07010651458373207,-0.041705039033458124,0.0030225250863447073,0.03594024583263922,0.0007052962990888529,0.0007052962990888529,0.0007052962990888529,0.009964146013121981,0.009964146013121981,0.009964146013121981
0.18823529411764706,0.03371523145580735,-0.003959606382346603,0.0790411742083994,-0.05819544677681199,-0.001812338580804873,0.0331416016093673,0.000939787575060302,0.000939787575060302,0.000939787575060302,0.00993628921951831,0.00993628921951831,0.00993628921951831
0.23529411764705882,0.03217598043675096,-0.0013669499870889723,0.07248199944427336,-0.04668892912119915,0.0015595059751700724,0.03641116805711109,0.0011737585774164014,0.0011737585774164014,0.0011737585774164014,0.009900511426098314,0.009900511426098314,0.009900511426098314
0.2823529411764706,0.02973515024407858,0.0008660831408178193,0.06536795349219426,-0.03353501814894644,0.0054242783799622885,0.038602663834717,0.0014070797780142885,0.0014070797780142885,0.0014070797780142885,0.009856841154162936,0.009856841154162936,0.009856841154162936
0.32941176470588235,0.02815447304570773,0.0023857603183186082,0.060627700830982345,-0.024779644753198937,0.008020502797548179,0.040116054146307256,0.001639622008446342,0.001639622008446342,0.001639622008446342,0.009805313216730232,0.009805313216730232,0.009805313216730232
0.3764705882352941,0.026993685507648912,0.004574119994797066,0.055262780750294116,-0.015383727768351285,0.010828721243782091,0.042900642709468695,0.0018712565315488038,0.0018712565315488038,0.0018712565315488038,0.009745968690783159,0.009745968690783159,0.009745968690783159
0.4235294117647059,0.026110930312163383,0.006806676329393024,0.050184886904811155,-0.0066703011550699465,0.013438284554121438,0.045907695408302196,0.002101855112671661,0.002101855112671661,0.002101855112671661,0.009678854884523878,0.009678854884523878,0.009678854884523878
0.47058823529411764,0.02577834863135564,0.007655237785505475,0.048258677026490115,-0.0033666402628469427,0.014427957840353667,0.047052026254340795,0.002331290090670333,0.002331290090670333,0.002331290090670333,0.009604025299660653,0.009604025299660653,0.009604025299660653
0.5176470588235293,0.026044418274949965,0.006757634528997913,0.050183631753145885,-0.006611722840188072,0.013455104318809141,0.045793237359499805,0.0025594344485798588,0.0025594344485798588,0.0025594344485798588,0.00952153958875742,0.00952153958875742,0.00952153958875742
0.5647058823529412,0.026620033194113546,0.004961646417044774,0.05409192860441614,-0.01323000870766089,0.01147173718257033,0.04329861372222066,0.002786161883932468,0.002786161883932468,0.002786161883932468,0.009431463507680026,0.009431463507680026,0.009431463507680026
0.611764705882353,0.02718664362177714,0.0032344694631467608,0.05786744618741624,-0.019631266632010202,0.009554444415226016,0.04090603335408849,0.003011346878679593,0.003011346878679593,0.003011346878679593,0.009333868863177035,0.009333868863177035,0.009333868863177035
0.6588235294117647,0.027592659418112397,0.0019819103049056874,0.0605987480520338,-0.024256708859093923,0.0081706408105795,0.039166563444233304,0.003234864768679623,0.003234864768679623,0.003234864768679623,0.009228833455636914,0.009228833455636914,0.009228833455636914
0.7058823529411764,0.027817782035473915,0.0011759126488042337,0.06230847906656933,-0.027124989194744487,0.0073141461833214905,0.03802507930964705,0.003456591812712935,0.003456591812712935,0.003456591812712935,0.0091164410170672,0.0091164410170672,0.0091164410170672
0.7529411764705882,0.027889818077054596,0.0007211991139743912,0.06320071126758986,-0.02858205351537002,0.006879460848899122,0.037349474851541054,0.0036764052609859787,0.0036764052609859787,0.0036764052609859787,0.008996781144345118,0.008996781144345118,0.008996781144345118
0.8,0.02786012996459819,0.0005680657060600502,0.06343046701142585,-0.02891698383749297,0.006778460452605994,0.037092415909630194,0.0038941834230865053,0.0038941834230865053,0.0038941834230865053,0.008869949227792842,0.008869949227792842,0.008869949227792842
0.8470588235294118,0.027792066254372028,0.0006120813288721383,0.0632641317467697,-0.028600630426076634,0.006870912208096769,0.037125078139248924,0.004109805735352313,0.004109805735352313,0.004109805735352313,0.008736046375134343,0.008736046375134343,0.008736046375134343
0.8941176470588235,0.027736992354666423,0.000688238550788034,0.0630584404742951,-0.028233603498969195,0.006978768212962283,0.0372154814867649,0.004323152827616217,0.004323152827616217,0.004323152827616217,0.008595179330894452,0.008595179330894452,0.008595179330894452
0.9411764705882353,0.02772614559439468,0.0006502304876658815,0.06311102496037524,-0.028307696023422313,0.006955676566422042,0.03715038637289059,0.004534106589290292,0.004534106589290292,0.004534106589290292,0.008447460391304376,0.008447460391304376,0.008447460391304376
0.9882352941176471,0.027766590725384788,0.0004203004216669637,0.06356756492029136,-0.029056566637763126,0.006732058466174529,0.036811035031423245,0.004742550234752798,0.004742550234752798,0.004742550234752798,0.008293007314781522,0.008293007314781522,0.008293007314781522
1.0352941176470587,0.027835330105870693,-2.2024172993795332e-05,0.0644335792396542,-0.03046735183086824,0.006313006418899203,0.036150669049979545,0.004948368368001594,0.004948368368001594,0.004948368368001594,0.008131943228054965,0.008131943228054965,0.008131943228054965
1.0823529411764705,0.027899432569504334,-0.0007996035025275017,0.06588077446746077,-0.03277540401872203,0.0056318997143831595,0.03495299969887755,0.005151447046538258,0.005151447046538258,0.005151447046538258,0.00796439652801143,0.00796439652801143,0.00796439652801143
1.1294117647058823,0.0279427880613925,-0.002362328098741928,0.06867602326940014,-0.03715605242559539,0.004345553638215982,0.032491677408363895,0.005351673844447522,0.005351673844447522,0.005351673844447522,0.007790500779340002,0.007790500779340002,0.007790500779340002
1.1764705882352942,0.02796241386198073,-0.00533270896405047,0.07390602153650816,-0.04529366356513309,0.0019606617764011958,0.027773650101361902,0.005548937914637127,0.005548937914637127,0.005548937914637127,0.0076103946080571805,0.0076103946080571805,0.0076103946080571805
1.223529411764706,0.027947553474086728,-0.009363745334657558,0.08094910523333754,-0.056213778128225034,-0.0012374589756478649,0.021344182519334343,0.005743130050203616,0.005743130050203616,0.005743130050203616,0.00742422159099715,0.00742422159099715,0.00742422159099715
1.2705882352941176,0.027881058895991018,-0.012080625148145563,0.08562338915419021,-0.06341169139484704,-0.0033456399981037777,0.01697455378257562,0.005934142744890128,0.005934142744890128,0.005934142744890128,0.007232130141355352,0.007232130141355352,0.007232130141355352
1.3176470588235294,0.027785959497095725,-0.011096866737680955,0.08377828834124346,-0.06046742632094748,-0.0024861832842408838,0.018481697679154863,0.00612187025260267,0.00612187025260267,0.00612187025260267,0.007034273390376634,0.007034273390376634,0.007034273390376634
1.3647058823529412,0.02773635460843904,-0.007231413815014687,0.07694295945083596,-0.04981636097623365,0.0006305963063528708,0.024607809949535486,0.006306208645951982,0.006306208645951982,0.006306208645951982,0.0068308090652822485,0.0068308090652822485,0.0068308090652822485
1.4117647058823528,0.0277645976478067,-0.003393022884763619,0.07025399475967742,-0.03945669924516082,0.003665621050479295,0.030739577650576777,0.0064870558737885236,0.0064870558737885236,0.0064870558737885236,0.006621899363533048,0.006621899363533048,0.006621899363533048
1.4588235294117646,0.027820565609860903,-0.0011430572728445831,0.06638278667186759,-0.03349305896142907,0.005415326780870089,0.03435886650716746,0.006664311817698785,0.006664311817698785,0.006664311817698785,0.006407710823529096,0.006407710823529096,0.006407710823529096
1.5058823529411764,0.027845428436678255,-0.0001643555811678965,0.06469841876833948,-0.030896154614487248,0.006179703104332468,0.03593367411263415,0.006837878347431604,0.006837878347431604,0.006837878347431604,0.006188414191848773,0.006188414191848773,0.006188414191848773
1.5529411764705883,0.027811648644248343,0.0003105805879348722,0.06382027534845136,-0.029497483288656756,0.00659499019968246,0.03666874201512549,0.007007659375223826,0.007007659375223826,0.007007659375223826,0.005964184287133209,0.005964184287133209,0.005964184287133209
1.6,0.02769831652605692,0.0007855013146320644,0.06283758739500689,-0.027861857601881646,0.007084413893962083,0.037353016832257335,0.007173560908995228,0.007173560908995228,0.007173560908995228,0.005735199860724567,0.005735199860724567,0.005735199860724567
1.6470588235294117,0.027481328366313118,0.001512898257549633,0.06127564489740589,-0.02522815614236551,0.007873831695701217,0.0383732703588362,0.007335491104383255,0.007335491104383255,0.007335491104383255,0.0055016434541692374,0.0055016434541692374,0.0055016434541692374
1.6941176470588235,0.027173585908465636,0.002506780749388815,0.05912678849621278,-0.02159637421587579,0.008962678556689418,0.03975999103831551,0.00749336031558877,0.00749336031558877,0.00749336031558877,0.0052637012536995795,0.0052637012536995795,0.0052637012536995795
1.7411764705882353,0.02688733152786238,0.0034054104998053614,0.05717337270638723,-0.018288259305058396,0.009955203553476455,0.041007788518499844,0.007647081145004644,0.007647081145004644,0.007647081145004644,0.005021562941810193,0.005021562941810193,0.005021562941810193
1.788235294117647,0.02689434767138499,0.0031456764623873923,0.05763861173857521,-0.019012207674071746,0.009745753942130175,0.04058810480993902,0.007796568491599753,0.007796568491599753,0.007796568491599753,0.004775421546047039,0.004775421546047039,0.004775421546047039
1.8352941176470587,0.027714857026116757,-0.0007208285304722839,0.0655041228296045,-0.03198490863705006,0.005895902497419669,0.03489788181959241,0.007941739598031563,0.007941739598031563,0.007941739598031563,0.004525473285129958,0.004525473285129958,0.004525473285129958
1.8823529411764706,0.02954596129529019,-0.009310108131417083,0.0829871313729762,-0.060822268451340644,-0.0026587584731245784,0.02225961136191179,0.008082514096461222,0.008082514096461222,0.008082514096461222,0.004271917412531256,0.004271917412531256,0.004271917412531256
1.9294117647058824,0.030809956538905503,-0.01505365696322114,0.0947287752588748,-0.08022077746877221,-0.008414098941998738,0.013836223232276623,0.00821881405304581,0.00821881405304581,0.00821881405304581,0.004014956057635043,0.004014956057635043,0.004014956057635043
1.9764705882352942,0.02994431562846067,-0.010399804372959398,0.08542241457594235,-0.06498756534403416,-0.003911765754502472,0.020785505564457463,0.008350564011083132,0.008350564011083132,0.008350564011083132,0.0037547940646039625,0.0037547940646039625,0.0037547940646039625
2.023529411764706,0.028470742971764995,-0.002860001251374422,0.07025091670441963,-0.04008379348918778,0.003460918242638833,0.03198460777653045,0.008477691032785103,0.008477691032785103,0.008477691032785103,0.003491638829081745,0.003491638829081745,0.003491638829081745
2.0705882352941174,0.027928412245742162,-3.691612538658795e-05,0.06458248901817765,-0.03078624246845152,0.006213540995465561,0.03618380632575846,0.008600124739656686,0.008600124739656686,0.008600124739656686,0.0032257001328617973,0.0032257001328617973,0.0032257001328617973
2.1176470588235294,0.02789088876199175,0.00021562205005287716,0.06409005518501898,-0.02998884106202304,0.0064480484727953424,0.03656783446945466,0.00871779735145796,0.00871779735145796,0.00871779735145796,0.0029571899766535725,0.0029571899766535725,0.0029571899766535725
2.164705882352941,0.027909186699417887,0.00015470110959769912,0.0642213650799639,-0.030210905335246174,0.006380879445002208,0.03648240143207149,0.008830643723727771,0.008830643723727771,0.008830643723727771,0.0026863224110801015,0.0026863224110801015,0.0026863224110801015
2.211764705882353,0.02791824444058122,9.377421858247637e-05,0.06434064082099766,-0.030405704842652703,0.006322128227548074,0.03639084952148863,0.008938601383848232,0.008938601383848232,0.008938601383848232,0.002413313366041338,0.002413313366041338,0.002413313366041338
2.2588235294117647,0.027909373883814315,-4.7714731198578164e-05,0.06457792954241759,-0.03076790225263437,0.006214437978602216,0.036159512221543455,0.009041610565630012,0.009041610565630012,0.009041610565630012,0.002138380478579434,0.002138380478579434,0.002138380478579434
2.3058823529411763,0.02785540648318552,-0.0006776440456106592,0.06561327531699845,-0.032330397565008884,0.005754303661295701,0.035121360559907,0.009139614242399383,0.009139614242399383,0.009139614242399383,0.0018617429193830569,0.0018617429193830569,0.0018617429193830569
2.3529411764705883,0.027746608545162754,-0.0026547513575767567,0.06893877390691738,-0.03740133030497983,0.004265341318024696,0.03190262296406576,0.00923255815856861,0.00923255815856861,0.00923255815856861,0.0015836212180691622,0.0015836212180691622,0.0015836212180691622
2.4,0.027685729457885166,-0.004858498067267014,0.07272217956905846,-0.043223072384274364,0.0025584023398512734,0.028353722449784513,0.009320390859672264,0.009320390859672264,0.009320390859672264,0.0013042370873814556,0.0013042370873814556,0.0013042370873814556
2.447058823529412,0.027747112567849008,-0.0037397051764485045,0.070840391855719,-0.04035395235421557,0.00340035005121031,0.030174993528089278,0.009403063720852813,0.009403063720852813,0.009403063720852813,0.0010238132464456492,0.0010238132464456492,0.0010238132464456492
2.4941176470588236,0.02784602453099838,-0.001186262944436134,0.06649257396017516,-0.033687374145980886,0.005356563573169382,0.03430500355450272,0.009480530973779712,0.009480530973779712,0.009480530973779712,0.0007425732432225078,0.0007425732432225078,0.0007425732432225078
2.541176470588235,0.02787901853009389,-4.766425969693344e-05,0.06453839382031257,-0.030678277678249266,0.006242084069451703,0.03613956269478713,0.009552749731987102,0.009552749731987102,0.009552749731987102,0.00046074127630011714,0.00046074127630011714,0.00046074127630011714
2.588235294117647,0.02780860666331897,0.00043803500524619565,0.06359324562424673,-0.029141150726182286,0.006700142644313178,0.03686833226010755,0.00961968001461609,0.00961968001461609,0.00961968001461609,0.0001785420161675231,0.0001785420161675231,0.0001785420161675231
2.635294117647059,0.027606992883104642,0.0011259622451598172,0.06212074775784249,-0.02666089779074987,0.007443533807860447,0.037835516724050056,0.009681284768548456,0.009681284768548456,0.009681284768548456,-0.00010379957388784226,-0.00010379957388784226,-0.00010379957388784226
2.6823529411764704,0.027334314059948017,0.0020084607142505373,0.060213386706513994,-0.02343757373113764,0.00841004280874591,0.039067292578028656,0.009737529888919546,0.009737529888919546,0.009737529888919546,-0.00038605841711614414,-0.00038605841711614414,-0.00038605841711614414
2.7294117647058824,0.027173371065067453,0.002531044770609281,0.05908453941648695,-0.021530033723974107,0.008982222345464308,0.039796982901313616,0.009788384237998988,0.009788384237998988,0.009788384237998988,-0.0006680095027315721,-0.0006680095027315721,-0.0006680095027315721
2.776470588235294,0.02713469232951571,0.0026659219299220993,0.05879722373121066,-0.021046304515991654,0.009127305578505496,0.039986250085503716,0.00983381966242877,0.00983381966242877,0.00983381966242877,-0.0009494280652861685,-0.0009494280652861685,-0.0009494280652861685
2.8235294117647056,0.027002945045266458,0.0031015695669687204,0.057860532790469765,-0.019465137593755344,0.009600851299529811,0.040593445336361,0.00987381100880917,0.00987381100880917,0.00987381100880917,-0.0012300897638481214,-0.0012300897638481214,-0.0012300897638481214
2.8705882352941177,0.026594022774965698,0.00442452957325612,0.055002965178251095,-0.014635629268206607,0.011047904623649352,0.04243543492991142,0.009908336137623855,0.009908336137623855,0.009908336137623855,-0.0015097708608416015,-0.0015097708608416015,-0.0015097708608416015
2.9176470588235293,0.02628606548982626,0.005419760244511185,0.052854043959566166,-0.011001999564239195,0.012136959040721429,0.04381676059308859,0.009937375935496501,0.009937375935496501,0.009937375935496501,-0.0017882484004056163,-0.0017882484004056163,-0.0017882484004056163
2.9647058823529413,0.0279635285715214,0.0001995393908109655,0.06423148811056123,-0.03026684322249462,0.006358751355251879,0.036545721815637755,0.0099609143257721,0.0099609143257721,0.0099609143257721,-0.002065300386129742,-0.002065300386129742,-0.002065300386129742
3.011764705882353,0.04860505046278796,0.0756364417964086,0.03351855034755591,0.015170723857472534,-0.09656928100062023,-0.04984361292364481,0.009978938277417108,0.009978938277417108,0.009978938277417108,-0.0023407059580249426,-0.0023407059580249426,-0.0023407059580249426
3.0588235294117645,0.04705318106797263,0.008359858818938637,0.038891682362257374,-0.020260927427155906,0.0050171900679090164,0.02522418450655417,0.009991437812233548,0.009991437812233548,0.009991437812233548,-0.002614245568588506,-0.002614245568588506,-0.002614245568588506
3.1058823529411765,0.04269820535186142,0.029909233737632324,0.05904058858544303,-0.03601159251546138,-0.02535775442881949,-0.11289215217837434,0.009998406010382996,0.009998406010382996,0.009998406010382996,-0.0028857011578226678,-0.0028857011578226678,-0.0028857011578226678
3.152941176470588,0.043409925524725335,0.029922737052766157,0.059744537507102624,-0.03714282966148019,-0.025170744150574187,-0.11261555373127141,0.009999839014217473,0.009999839014217473,0.009999839014217473,-0.0031548563270674206,-0.0031548563270674206,-0.0031548563270674206
3.2,0.04434193135086195,0.029952348804510365,0.06068009128369001,-0.038635879419691044,-0.024942175308670045,-0.1123247998632051,0.00999573603041505,0.00999573603041505,0.00999573603041505,-0.003421496511508982,-0.003421496511508982,-0.003421496511508982
3.2470588235294118,0.04388104791731129,0.0299351878119134,0.06021509949900983,-0.03789599442876934,-0.025052217676028832,-0.11245510667570802,0.009986099330419064,0.009986099330419064,0.009986099330419064,-0.003685409151226302,-0.003685409151226302,-0.003685409151226302
3.2941176470588234,0.043345237697987926,0.029915867690713638,0.05967567826722142,-0.03703718918363741,-0.02518148182556379,-0.1126124041523946,0.009970934249180594,0.009970934249180594,0.009970934249180594,-0.003946383860639358,-0.003946383860639358,-0.003946383860639358
3.3411764705882354,0.04317123669791911,0.029909427489869467,0.05950054029257901,-0.036758523619897066,-0.025223454552481872,-0.11266340463605262,0.009950249182205025,0.009950249182205025,0.009950249182205025,-0.0042042125962240915,-0.0042042125962240915,-0.0042042125962240915
3.388235294117647,0.04324897816244411,0.029911902677789648,0.05957843645995897,-0.03688282116963171,-0.025204246116829143,-0.11263856702610031,0.009924055580904213,0.009924055580904213,0.009924055580904213,-0.004458689822360295,-0.004458689822360295,-0.004458689822360295
3.4352941176470586,0.04359550199638074,0.029923828501058125,0.05992666552600623,-0.037437724850752474,-0.025119870050350546,-0.11253338160972781,0.009892367946256902,0.009892367946256902,0.009892367946256902,-0.004709612675180297,-0.004709612675180297,-0.004709612675180297
3.4823529411764707,0.044145669235073015,0.02994295918406964,0.06048033531897978,-0.038319886121192415,-0.024986762716765476,-0.11237001340724273,0.009855203820780862,0.009855203820780862,0.009855203820780862,-0.004956781124287714,-0.004956781124287714,-0.004956781124287714
3.5294117647058822,0.044639580524944655,0.029960219971195023,0.06097802625845716,-0.039112824762961296,-0.024867933993548252,-0.11222615606838993,0.00981258377882123,0.00981258377882123,0.00981258377882123,-0.005199998132217481,-0.005199998132217481,-0.005199998132217481
3.576470588235294,0.04506918882678912,0.029975308629254238,0.061411379300408964,-0.03980322074950493,-0.024765060043346665,-0.11210306437127349,0.009764531415160387,0.009764531415160387,0.009764531415160387,-0.005439069811509941,-0.005439069811509941,-0.005439069811509941
3.623529411764706,0.04521955831833857,0.029980605548469264,0.06156313350839149,-0.040044974268663935,-0.024729132706772017,-0.11206031672998362,0.009711073331955701,0.009711073331955701,0.009711073331955701,-0.005673805579273852,-0.005673805579273852,-0.005673805579273852
3.6705882352941175,0.04414803543922474,0.029942670485566536,0.06048224902054633,-0.038323224422099234,-0.024985628051714226,-0.11236683003077985,0.009652239124012384,0.009652239124012384,0.009652239124012384,-0.0059040183091150136,-0.0059040183091150136,-0.0059040183091150136
3.7176470588235295,0.04284648832910776,0.029879453475019302,0.059157776392102956,-0.036229199219107944,-0.025280967711867053,-0.11266597773580456,0.009588061362399558,0.009588061362399558,0.009588061362399558,-0.00612952448030949,-0.00612952448030949,-0.00612952448030949
3.764705882352941,0.03987899859862232,0.029370212822357855,0.05584786824523036,-0.03132616684523715,-0.025563299329833367,-0.11160352188978173,0.009518575576418683,0.009518575576418683,0.009518575576418683,-0.006350144324102452,-0.006350144324102452,-0.006350144324102452
3.8117647058823527,0.0297207043325729,0.02377290707753743,0.0424796580037623,-0.014948980337352147,-0.023435992671534844,-0.09377758334837649,0.009443820233934249,0.009443820233934249,0.009443820233934249,-0.006565701967016028,-0.006565701967016028,-0.006565701967016028
3.8588235294117648,0.040770104660569295,-0.009170458571464701,0.03906299613997399,-0.043075173152323565,0.0032024001044481665,0.019834826975842823,0.009363836720077675,0.009363836720077675,0.009363836720077675,-0.006776025571051935,-0.006776025571051935,-0.006776025571051935
3.9058823529411764,0.040761265784752254,-0.01726023729636128,0.03919202330992855,-0.052583406171633484,0.005531213595691309,0.0316441177535105,0.009278669314336185,0.009278669314336185,0.009278669314336185,-0.006980947470677069,-0.006980947470677069,-0.006980947470677069
3.9529411764705884,0.040818703923636956,-0.017265093309953183,0.03918501366468652,-0.052554213876103706,0.00561279871149134,0.031934243776553295,0.009188365166039342,0.009188365166039342,0.009188365166039342,-0.007180304306482971,-0.007180304306482971,-0.007180304306482971
4.0,0.04082596724813392,-0.017262353503588068,0.03918411611603689,-0.05254664806605902,0.005622124909155701,0.03196584747754061,0.009092974268256818,0.009092974268256818,0.009092974268256818,-0.007373937155412454,-0.007373937155412454,-0.007373937155412454
4.047058823529412,0.04083150570009808,-0.017257948347159546,0.03918334895585218,-0.05253808130456905,0.005628584415776849,0.03198675311531529,0.008992549430121842,0.008992549430121842,0.008992549430121842,-0.0075616916574497315,-0.0075616916574497315,-0.0075616916574497315
4.094117647058823,0.04084666477252785,-0.017248048748645273,0.03918132617928061,-0.05251723836176403,0.005646862755639415,0.032046957511683516,0.008887146247595665,0.008887146247595665,0.008887146247595665,-0.007743418138672947,-0.007743418138672947,-0.007743418138672947
4.141176470588235,0.040861283878635746,-0.01724520334272861,0.03917958673416244,-0.052505184238885505,0.005666370246275587,0.03211439418635553,0.008776823072689208,0.008776823072689208,0.008776823072689208,-0.007918971730571076,-0.007918971730571076,-0.007918971730571076
4.188235294117647,0.0408684239000352,-0.017245631322341026,0.039178775318494896,-0.05250144761482911,0.005676413496296107,0.03214995766489892,0.008661640981158939,0.008661640981158939,0.008661640981158939,-0.00808821248553003,-0.00808821248553003,-0.00808821248553003
4.235294117647059,0.04087023646194332,-0.01724386109738063,0.0391784883919839,-0.05249820705780506,0.005678440335705748,0.032156454051540884,0.008541663738694864,0.008541663738694864,0.008541663738694864,-0.008251005488395928,-0.008251005488395928,-0.008251005488395928
4.2823529411764705,0.04087139911543192,-0.01723144815163491,0.03917798765208769,-0.05248265014185671,0.005676545496275942,0.03214469104694295,0.008416957765619355,0.008416957765619355,0.008416957765619355,-0.008407220964026643,-0.008407220964026643,-0.008407220964026643
4.329411764705882,0.04087746768259759,-0.017181030147695342,0.03917593207127901,-0.052418881532535266,0.0056706719506394165,0.03210292550394067,0.00828759210011635,0.00828759210011635,0.00828759210011635,-0.00855673438074576,-0.00855673438074576,-0.00855673438074576
4.376470588235294,0.04089766578910403,-0.017023851038227455,0.03916948226174144,-0.05221950110889173,0.0056540900179484765,0.03197852382074995,0.008153638360011279,0.008153638360011279,0.008153638360011279,-0.008699426549616626,-0.008699426549616626,-0.008699426549616626
4.423529411764706,0.040953209074916064,-0.0165869025715355,0.03915201906357613,-0.05166630393481597,0.005606908930438692,0.03162800481481165,0.008015170703122887,0.008015170703122887,0.008015170703122887,-0.008835183719457245,-0.008835183719457245,-0.008835183719457245
4.470588235294118,0.04107376079844238,-0.015588521276436174,0.03911520858606865,-0.050410364111217465,0.005488690577210686,0.03078582213305525,0.00787226578620891,0.00787226578620891,0.00787226578620891,-0.008963897667520303,-0.008963897667520303,-0.008963897667520303
4.517647058823529,0.04125542711348951,-0.013920065289376726,0.039065951578812985,-0.04834177179080168,0.005256094332113381,0.02923914839829367,0.0077250027225282845,0.0077250027225282845,0.0077250027225282845,-0.009085465785766078,-0.009085465785766078,-0.009085465785766078
4.564705882352941,0.041442297385141824,-0.01198978057808997,0.0390391189211754,-0.04601482278189639,0.004931007111180996,0.027221208390325824,0.0075734630380434554,0.0075734630380434554,0.0075734630380434554,-0.009199791162659387,-0.009199791162659387,-0.009199791162659387
4.6117647058823525,0.04159670985551234,-0.010393984982711713,0.03906335093195912,-0.044181454771543116,0.0046187298715132385,0.025361771746093442,0.007417730626286967,0.007417730626286967,0.007417730626286967,-0.009306782660425412,-0.009306782660425412,-0.009306782660425412
4.658823529411765,0.041731847385840126,-0.009232205639647217,0.03913236906990214,-0.04293931994271505,0.004370386830297779,0.02389876417790804,0.007257891701917367,0.007257891701917367,0.007257891701917367,-0.009406354987702823,-0.009406354987702823,-0.009406354987702823
4.705882352941177,0.04190237282999654,-0.008162910259978506,0.039265366558702386,-0.041916282682713746,0.004131792632930953,0.022473613032772732,0.007094034752990112,0.007094034752990112,0.007094034752990112,-0.009498428767536229,-0.009498428767536229,-0.009498428767536229
4.752941176470588,0.04222562359149595,-0.006898312161085274,0.03957668540938242,-0.040966679181825505,0.003850354478059703,0.020700327946631347,0.00692625049196989,0.00692625049196989,0.00692625049196989,-0.009582930600653829,-0.009582930600653829,-0.009582930600653829
4.8,0.042990865959305236,-0.0053711395652262794,0.0403842299572843,-0.04053815398154903,0.0035532556023882833,0.018466229319346716,0.00675463180551151,0.00675463180551151,0.00675463180551151,-0.009659793123979748,-0.009659793123979748,-0.009659793123979748
4.847058823529411,0.0449363680787096,-0.003659728181983679,0.042477848887533476,-0.042018188335429585,0.0034041228751995334,0.015956429935939376,0.00657927370303714,0.00657927370303714,0.00657927370303714,-0.009728955064334462,-0.009728955064334462,-0.009728955064334462
4.894117647058824,0.04958714145296206,-0.0018771344974193305,0.04745437117144791,-0.048149416629269304,0.0037589044244974446,0.013621140105378071,0.006400273264138351,0.006400273264138351,0.006400273264138351,-0.009790361287280485,-0.009790361287280485,-0.009790361287280485
4.9411764705882355,0.05888385084313397,-0.00011110723068252781,0.057324460038387315,-0.06231606150293656,0.005073870103412315,0.012034951551771922,0.006217729584832129,0.006217729584832129,0.006217729584832129,-0.009843962841074366,-0.009843962841074366,-0.009843962841074366
4.988235294117647,0.07299721253440739,0.0015301019953166684,0.07223408935852893,-0.08487111250004187,0.007447809268597894,0.011529922191177544,0.006031743722700539,0.006031743722700539,0.006031743722700539,-0.00988971699569,-0.00988971699569,-0.00988971699569
5.035294117647059,0.0878541819549512,0.0028277677809211976,0.0878890184329868,-0.1090295985136649,0.010111958996650294,0.011824654588958872,0.005842418640944481,0.005842418640944481,0.005842418640944481,-0.009927587276882097,-0.009927587276882097,-0.009927587276882097
5.08235294117647,0.09689721200906032,0.0035162128622874267,0.097406740621786,-0.12382915437162323,0.01177390357482233,0.012205133158428083,0.005649859151382473,0.005649859151382473,0.005649859151382473,-0.009957543495262667,-0.009957543495262667,-0.009957543495262667
5.129411764705882,0.09660840196468312,0.0034949705897231453,0.09710284722804285,-0.12335579003633246,0.011720533420158219,0.012191524757941608,0.005454171856426017,0.005454171856426017,0.005454171856426017,-0.009979561770367384,-0.009979561770367384,-0.009979561770367384
5.176470588235294,0.08894026763532681,0.002913347445884007,0.08903242068465067,-0.11080432043496913,0.010310419960404715,0.0118646579011088,0.0052554650900636934,0.0052554650900636934,0.0052554650900636934,-0.009993624549692567,-0.009993624549692567,-0.009993624549692567
5.223529411764706,0.07845927144875953,0.002038700277616101,0.07799273908750326,-0.09372291183543036,0.008414906779419695,0.011576591483453136,0.005053848857886637,0.005053848857886637,0.005053848857886637,-0.009999720622687681,-0.009999720622687681,-0.009999720622687681
5.270588235294118,0.06875408940131367,0.0010975935834127704,0.06775684917625568,-0.07803040044323728,0.006711103429381637,0.011566471375947796,0.004849434776188582,0.004849434776188582,0.004849434776188582,-0.00999784512969214,-0.00999784512969214,-0.00999784512969214
5.317647058823529,0.06131304824065342,0.00022243567004975873,0.05989491604092878,-0.06614783665353485,0.005463408130299996,0.011852302498294165,0.004642336010174234,0.004642336010174234,0.004642336010174234,-0.009987999565809334,-0.009987999565809334,-0.009987999565809334
5.364705882352941,0.05618672606606934,-0.0005253624797685319,0.05446708169559855,-0.05810538946816024,0.004657595078010779,0.012319352305286024,0.004432667211310148,0.004432667211310148,0.004432667211310148,-0.009970191779714756,-0.009970191779714756,-0.009970191779714756
5.411764705882353,0.052884903783795956,-0.0011205032632846113,0.050963225975458215,-0.053040282188849375,0.004179553502032807,0.012826788412440226,0.004220544453852783,0.004220544453852783,0.004220544453852783,-0.009944435967399209,-0.009944435967399209,-0.009944435967399209
5.458823529411765,0.05088354814579743,-0.0015535206838410698,0.048835081383554524,-0.050044636773407536,0.003915277427088082,0.013263245029768278,0.00400608517058893,0.00400608517058893,0.00400608517058893,-0.009910752660852064,-0.009910752660852064,-0.009910752660852064
5.5058823529411764,0.04979278307266677,-0.001823579591454294,0.0476734105934038,-0.048447534415136495,0.0037830307995223578,0.013560878556370337,0.003789408087823984,0.003789408087823984,0.003789408087823984,-0.009869168711693585,-0.009869168711693585,-0.009869168711693585
5.552941176470588,0.04936644748521113,-0.0019375631502929203,0.04721894972247842,-0.04783216222026576,0.003734224902173011,0.013691853474897098,0.0035706331596541746,0.0035706331596541746,0.0035706331596541746,-0.009819717269769393,-0.009819717269769393,-0.009819717269769393
5.6,0.04946222846672477,-0.0019114805777646904,0.04732106487586707,-0.04796989865286472,0.0037450339782152398,0.013661631696441301,0.003349881501559051,0.003349881501559051,0.003349881501559051,-0.009762437756724099,-0.009762437756724099,-0.009762437756724099
5.647058823529411,0.04998876200715152,-0.0017728542046684392,0.04788222076644155,-0.04873213996504733,0.0038060516779201414,0.01350363135304189,0.0031272753233510197,0.0031272753233510197,0.0031272753233510197,-0.009697375834575216,-0.009697375834575216,-0.009697375834575216
5.694117647058824,0.050839860967624606,-0.0015637580745835322,0.048788556046941434,-0.04998001273109898,0.0039098059599607105,0.01327425630918544,0.002902937861519056,0.002902937861519056,0.002902937861519056,-0.009624583369312344,-0.009624583369312344,-0.009624583369312344
5.741176470588235,0.05181176704061663,-0.00134393606138139,0.049822554028644994,-0.05142483985193369,0.0040348292604774905,0.013045501472324084,0.002676993311004048,0.002676993311004048,0.002676993311004048,-0.009544118389550722,-0.009544118389550722,-0.009544118389550722
5.788235294117647,0.05253227982559583,-0.0011918799669987656,0.05058849307653235,-0.05250728369081292,0.004131314097334915,0.012895165009315868,0.002449566756443505,0.002449566756443505,0.002449566756443505,-0.009456045040272028,-0.009456045040272028,-0.009456045040272028
5.8352941176470585,0.052496819192605404,-0.001199157017458763,0.050550798758061344,-0.05245377792149064,0.004126502133908971,0.012902236164952008,0.0022207841029237545,0.0022207841029237545,0.0022207841029237545,-0.00936043353168935,-0.00936043353168935,-0.00936043353168935
5.88235294117647,0.05131837298421571,-0.0014532014382231395,0.04929773173029339,-0.05068887630257679,0.0039705819144888466,0.01315766151634623,0.001990772006277918,0.001990772006277918,0.001990772006277918,-0.009257360083277108,-0.009257360083277108,-0.009257360083277108
5.929411764705883,0.049095942951244975,-0.0020126463285854435,0.046930410836393044,-0.04744452151856704,0.003704252397261687,0.013779962176227123,0.0017596578029682628,0.0017596578029682628,0.0017596578029682628,-0.009146906863010468,-0.009146906863010468,-0.009146906863010468
5.976470588235294,0.04649736516792968,-0.0028924628091619997,0.04415296181192119,-0.043891564308109476,0.0034686243221160318,0.014893316880612684,0.00152756943959178,0.00152756943959178,0.00152756943959178,-0.009029161921862806,-0.009029161921862806,-0.009029161921862806
6.023529411764706,0.04431095163916687,-0.004070163108092606,0.041804710761202735,-0.041381899163583036,0.0034107184703167093,0.01654896932539396,0.0012946354020479372,0.0012946354020479372,0.0012946354020479372,-0.008904219123613307,-0.008904219123613307,-0.008904219123613307
6.070588235294117,0.04290398261271866,-0.005497447155455859,0.040290909804375996,-0.04052960573534392,0.0035745526161337082,0.018654274576905383,0.0010609846444079177,0.0010609846444079177,0.0010609846444079177,-0.008772178070020743,-0.008772178070020743,-0.008772178070020743
6.117647058823529,0.042161954203861374,-0.007098596042313998,0.03951211772735519,-0.04109140402146583,0.0038943554349812892,0.020988010708151705,0.0008267465175246505,0.0008267465175246505,0.0008267465175246505,-0.008633144021423072,-0.008633144021423072,-0.008633144021423072
6.1647058823529415,0.041798993961763564,-0.008766589244813217,0.03917998661476574,-0.042476092249422503,0.004267671829548014,0.023288696476405857,0.0005920506974231824,0.0005920506974231824,0.0005920506974231824,-0.0084872278128261,-0.0084872278128261,-0.0084872278128261
6.211764705882353,0.04159909873120693,-0.010377520737397505,0.03906407471286677,-0.044163160273243296,0.004616050320388698,0.025344272224363973,0.0003570271135110522,0.0003570271135110522,0.0003570271135110522,-0.008334545765548183,-0.008334545765548183,-0.008334545765548183
6.258823529411765,0.04145923773253157,-0.011821070796427469,0.03903918325562472,-0.04581586545713634,0.004901148076292383,0.027037696280519885,0.00012180587664834722,0.00012180587664834722,0.00012180587664834722,-0.008175219594491304,-0.008175219594491304,-0.008175219594491304
6.305882352941176,0.04134574885650233,-0.013027200580174814,0.039048289711167694,-0.0472538415312993,0.005115412601768732,0.028344753523924737,-0.00011348279288265051,-0.00011348279288265051,-0.00011348279288265051,-0.008009376311112534,-0.008009376311112534,-0.008009376311112534
6.352941176470588,0.04125232878553042,-0.013974036197959006,0.03906713978211451,-0.048406853895944124,0.005267520788055702,0.029303275743246093,-0.00034870863746841604,-0.00034870863746841604,-0.00034870863746841604,-0.007837148122173185,-0.007837148122173185,-0.007837148122173185
6.4,0.041178913453192134,-0.014677332054958248,0.03908590002855172,-0.0492738607188814,0.005371263629362133,0.029977626428567383,-0.0005837414342758009,-0.0005837414342758009,-0.0005837414342758009,-0.0076586723243463745,-0.0076586723243463745,-0.0076586723243463745
6.447058823529412,0.04112486944117988,-0.015171992971516834,0.03910104814631454,-0.049888248971112326,0.005439537810464579,0.030433095988831926,-0.000818451067344375,-0.000818451067344375,-0.000818451067344375,-0.0074740911947670146,-0.0074740911947670146,-0.0074740911947670146
6.4941176470588236,0.041088382317367333,-0.015495496305917067,0.0391117162369623,-0.05029190416879947,0.005482115882652128,0.030722713742656893,-0.0010527075996196484,-0.0010527075996196484,-0.0010527075996196484,-0.007283551877611485,-0.007283551877611485,-0.007283551877611485
6.541176470588235,0.0410675180770772,-0.015676973760026414,0.039117944968430685,-0.05051894622691355,0.005505302026356684,0.03088240924134711,-0.0012863813448872033,-0.0012863813448872033,-0.0012863813448872033,-0.007087206266797414,-0.007087206266797414,-0.007087206266797414
6.588235294117647,0.041061314647483194,-0.015730656727084957,0.03911982357973809,-0.05058618366427092,0.0055120906356194155,0.030929372725401638,-0.0015193429395679834,-0.0015193429395679834,-0.0015193429395679834,-0.0068852108848970394,-0.0068852108848970394,-0.0068852108848970394
6.635294117647058,0.04107068434871142,-0.015650229370488322,0.03911703268361322,-0.05048545392613013,0.005501992704172842,0.03085930617241095,-0.0017514634143349635,-0.0017514634143349635,-0.0017514634143349635,-0.006677726758360744,-0.006677726758360744,-0.006677726758360744
6.682352941176471,0.04109934197879683,-0.015400216483401286,0.039108561593373725,-0.05017289390313007,0.005469849628631618,0.030638514303454656,-0.001982614265511563,-0.001982614265511563,-0.001982614265511563,-0.0064649192891501365,-0.0064649192891501365,-0.0064649192891501365
6.729411764705882,0.04115478514340065,-0.014901206156870073,0.03909269248816294,-0.049551641346915254,0.005402630189535795,0.030185657201653004,-0.0022126675262122515,-0.0022126675262122515,-0.0022126675262122515,-0.006246958122883169,-0.006246958122883169,-0.006246958122883169
6.776470588235294,0.041248374901083906,-0.014010689101011664,0.039068352033635456,-0.048452461222197485,0.005272577180003957,0.02933710581275495,-0.0024414958371860233,-0.0024414958371860233,-0.0024414958371860233,-0.006024017013596144,-0.006024017013596144,-0.006024017013596144
6.823529411764706,0.04139254809379578,-0.012522038350753384,0.0390430603501275,-0.04664894424926702,0.005026155656324249,0.027800180122090623,-0.0026689725173234414,-0.0026689725173234414,-0.0026689725173234414,-0.005796273685230742,-0.005796273685230742,-0.005796273685230742
6.870588235294117,0.04160922446611082,-0.010252250965832044,0.039073098639586856,-0.044033562148263705,0.004582555708006808,0.025160567490480457,-0.0028949716337882733,-0.0028949716337882733,-0.0028949716337882733,-0.005563909689956218,-0.005563909689956218,-0.005563909689956218
6.91764705882353,0.04211053772141282,-0.007298343863059609,0.03948411044666189,-0.04128236560985421,0.003918712005373415,0.021180258726524404,-0.0031193680717348823,-0.0031193680717348823,-0.0031193680717348823,-0.005327110263439856,-0.005327110263439856,-0.005327110263439856
6.964705882352941,0.044236311494044056,-0.004303027850665053,0.041785872063805574,-0.04163586693575949,0.0034088511209953154,0.016650782411039344,-0.0033420376035727477,-0.0033420376035727477,-0.0033420376035727477,-0.0050860641771810055,-0.0050860641771810055,-0.0050860641771810055
7.011764705882353,0.04952798268946168,-0.0024085032551384167,0.04755019332052379,-0.048963031190032424,0.003757282940865636,0.013780892675343104,-0.003562856957739842,-0.003562856957739842,-0.003562856957739842,-0.0048409635880264324,-0.0048409635880264324,-0.0048409635880264324
7.0588235294117645,0.04965429877597627,-0.0031956669671802107,0.047968245095551865,-0.05063667541158967,0.0037512749258641342,0.01384075711116095,-0.003781703886946691,-0.003781703886946691,-0.003781703886946691,-0.004592003884986943,-0.004592003884986943,-0.004592003884986943
7.105882352941176,0.043439192740778676,-0.00753716125617343,0.04213164048552098,-0.04627133353244339,0.0030986580733962654,0.016630207481163062,-0.003998457235853419,-0.003998457235853419,-0.003998457235853419,-0.004339383533477396,-0.004339383533477396,-0.004339383533477396
7.152941176470588,0.039798074964087604,-0.014857736127115828,0.04017529889664484,-0.05203971767006044,0.0027648062946958873,0.019592441075892975,-0.004212997008142277,-0.004212997008142277,-0.004212997008142277,-0.004083303917104242,-0.004083303917104242,-0.004083303917104242
7.2,0.03702737075762208,-0.023359178926889657,0.04048087940156586,-0.06328395409770327,0.0017003883163462241,0.018972887669529648,-0.0044252044329485245,-0.0044252044329485245,-0.0044252044329485245,-0.003823969177126803,-0.003823969177126803,-0.003823969177126803
7.247058823529412,0.03444026468921635,-0.030518590383223465,0.041147383500802714,-0.07363336456276848,0.00011787286332154423,0.015628893406033573,-0.004634962030612881,-0.004634962030612881,-0.004634962030612881,-0.0035615860497201814,-0.0035615860497201814,-0.0035615860497201814
7.294117647058823,0.03276531468633204,-0.03479021694711859,0.04161248761844982,-0.07998275214851036,-0.0010462652006304474,0.012766641620491903,-0.004842153677719185,-0.004842153677719185,-0.004842153677719185,-0.0032963637011694806,-0.0032963637011694806,-0.0032963637011694806
7.341176470588235,0.032314784140905495,-0.036006436149398136,0.041728076743678955,-0.08174942391538531,-0.001330692761125185,0.012139021291901475,-0.005046664671381199,-0.005046664671381199,-0.005046664671381199,-0.003028513561126941,-0.003028513561126941,-0.003028513561126941
7.388235294117647,0.032859697904243035,-0.03491993314661479,0.04155090232323788,-0.07998153258597407,-0.000838064262457916,0.01364217009193025,-0.00524838179274301,-0.00524838179274301,-0.00524838179274301,-0.0027582491540646464,-0.0027582491540646464,-0.0027582491540646464
7.435294117647059,0.03398033056255878,-0.032531352720769124,0.041207975941022656,-0.07621064840158542,0.00010936006789563635,0.016408457171656288,-0.005447193369657855,-0.005447193369657855,-0.005447193369657855,-0.002485785929057338,-0.002485785929057338,-0.002485785929057338
7.482352941176471,0.03533043439601524,-0.02961737683297372,0.04080393688365458,-0.07164398177656706,0.0012314029595974496,0.019647757902993668,-0.005642989338510674,-0.005642989338510674,-0.005642989338510674,-0.0022113410880309618,-0.0022113410880309618,-0.0022113410880309618
7.529411764705882,0.03667562377052347,-0.026692625262986214,0.0404068118402785,-0.06708038659017257,0.0023377729459266305,0.022819729304084824,-0.005835661305150185,-0.005835661305150185,-0.005835661305150185,-0.0019351334126138833,-0.0019351334126138833,-0.0019351334126138833
7.576470588235294,0.037845676769685976,-0.02413193264062663,0.04006418945834511,-0.06309756614022088,0.003292372460771631,0.025541253371838213,-0.006025102604896711,-0.006025102604896711,-0.006025102604896711,-0.0016573830897287979,-0.0016573830897287979,-0.0016573830897287979
7.623529411764705,0.03873387287876051,-0.022177758176773255,0.03980525743899932,-0.060064804478859646,0.004012774676109387,0.027586435834995537,-0.006211208361592561,-0.006211208361592561,-0.006211208361592561,-0.0013783115360643738,-0.0013783115360643738,-0.0013783115360643738
7.670588235294118,0.039315896951297,-0.02089579281656606,0.03963605417983729,-0.05807681710647339,0.004483957600852406,0.02892259787874707,-0.006393875545662287,-0.006393875545662287,-0.006393875545662287,-0.0010981412215665058,-0.0010981412215665058,-0.0010981412215665058
7.7176470588235295,0.03962841942411055,-0.020215869455649793,0.03954558123597662,-0.057019638324095734,0.004739154692591896,0.029651843210183326,-0.006573003031150632,-0.006573003031150632,-0.006573003031150632,-0.0008170954920900608,-0.0008170954920900608,-0.0008170954920900608
7.764705882352941,0.039722504165601524,-0.020031423078982646,0.03951895285687135,-0.05672541026696187,0.004821550224547888,0.02990082486568868,-0.006748491651706653,-0.006748491651706653,-0.006748491651706653,-0.0005353983913522029,-0.0005353983913522029,-0.0005353983913522029
7.811764705882353,0.03963452890249686,-0.020263696388134633,0.0395455851453268,-0.05707135371013905,0.0047610392571004745,0.02975530707840024,-0.00692024425548296,-0.00692024425548296,-0.00692024425548296,-0.00025327448232948576,-0.00025327448232948576,-0.00025327448232948576
7.858823529411764,0.0393926538451681,-0.020850737056067103,0.039617275308727606,-0.0579612932812803,0.0045804716884969565,0.029280200935354994,-0.007088165758919733,-0.007088165758919733,-0.007088165758919733,2.9051331758964688e-05,2.9051331758964688e-05,2.9051331758964688e-05
7.905882352941177,0.03903177633374222,-0.021718962206924708,0.03972394043792393,-0.05927988875906287,0.004309018884728566,0.028560523416544026,-0.00725216319938371,-0.00725216319938371,-0.00725216319938371,0.00031135398673957893,0.00031135398673957893,0.00031135398673957893
7.952941176470588,0.0384839754683064,-0.023004699605197576,0.03988484329677666,-0.06124295554107961,0.003888222195515212,0.027421802236932358,-0.007412145786633,-0.007412145786633,-0.007412145786633,0.0005934084369007388,0.0005934084369007388,0.0005934084369007388
8.0,0.037162871341357206,-0.02587595375914531,0.04026619565471412,-0.065703504907066,0.0028107392750382765,0.024343856323524538,-0.007568024953079283,-0.007568024953079283,-0.007568024953079283,0.000874989834394464,0.000874989834394464,0.000874989834394464
8.047058823529412,0.03302956395897505,-0.034349261949819354,0.041441739544228806,-0.07904653741170575,-0.0006975746758750567,0.013987793477100663,-0.007719714402819485,-0.007719714402819485,-0.007719714402819485,0.0011558737084803648,0.0011558737084803648,0.0011558737084803648
8.094117647058823,0.021473013825115572,-0.05758061084781141,0.04469560988376875,-0.11577345989059529,-0.010618404268886827,-0.015556463641620333,-0.007867130159409867,-0.007867130159409867,-0.007867130159409867,0.0014358361444689746,0.0014358361444689746,0.0014358361444689746
8.141176470588235,0.022767972336278586,-0.05490822228490777,0.044330635430053444,-0.11157515088952419,-0.009525839060871899,-0.012349947301392383,-0.008010190612356019,-0.008010190612356019,-0.008010190612356019,0.0017146539622217988,0.0017146539622217988,0.0017146539622217988
8.188235294117646,0.03974486185205528,-0.020006080410285065,0.039513930158600274,-0.056677620819061136,0.0048461138523219205,0.02998556128183516,-0.008148816562293057,-0.008148816562293057,-0.008148816562293057,0.001992104894065842,0.001992104894065842,0.001992104894065842
8.235294117647058,0.040871484453826046,-0.017249755561368207,0.0391794803700698,-0.052506130444068155,0.005681382620721376,0.03216679329144867,-0.008282931264831008,-0.008282931264831008,-0.008282931264831008,0.0022679677619806466,0.0022679677619806466,0.0022679677619806466
8.28235294117647,0.04085943729712316,0.0063179952652310245,0.03592892733413677,-0.015768648128898555,0.0009095265078089554,0.00475224884639136,-0.008412460473041084,-0.008412460473041084,-0.008412460473041084,0.0025420226539167733,0.0025420226539167733,0.0025420226539167733
8.329411764705883,0.04744553952011721,0.003542007002348191,0.0345534455965919,-0.015688575243578917,0.011124725636608712,0.04617583339286524,-0.008537332478559357,-0.008537332478559357,-0.008537332478559357,0.002814051099105041,0.002814051099105041,0.002814051099105041
8.376470588235295,0.04627281365798952,0.0018785135396437447,0.034429213824557436,-0.016758385205174697,0.010077180820950105,0.04299254574096523,-0.00865747815128505,-0.00865747815128505,-0.00865747815128505,0.003083836242216771,0.003083836242216771,0.003083836242216771
8.423529411764706,0.0416625110586053,-0.0008739532426735863,0.03443669380639891,-0.018919163838094555,0.004713947609119362,0.023772147776966346,-0.00877283097765151,-0.00877283097765151,-0.00877283097765151,0.0033511630162363173,0.0033511630162363173,0.0033511630162363173
8.470588235294118,0.037032331155831155,-0.005281197158655271,0.03527081500518303,-0.023478269326520973,-0.0005948264219992616,0.002845302696390384,-0.008883327097448615,-0.008883327097448615,-0.008883327097448615,0.003615818313907947,0.003615818313907947,0.003615818313907947
8.51764705882353,0.0411913557246355,-0.010999667570045224,0.04413565850605572,-0.04021366761149281,0.002002609400088229,-0.008742094092603736,-0.008988905339176276,-0.008988905339176276,-0.008988905339176276,0.0038775911576203995,0.0038775911576203995,0.0038775911576203995
8.564705882352941,0.0411060449838514,-0.007180207415233175,0.04095639491004022,-0.0328771518592883,0.0024668958384457262,0.00022769922472987147,-0.009089507253909456,-0.009089507253909456,-0.009089507253909456,0.004136272867593813,0.004136272867593813,0.004136272867593813
8.611764705882353,0.040563201665152704,-0.0022665887394206496,0.03595318687275073,-0.022145973348836723,0.0029403896988231537,0.013590660964378998,-0.009185077147655941,-0.009185077147655941,-0.009185077147655941,0.00439165722823483,0.00439165722823483,0.00439165722823483
8.658823529411764,0.042365528167807476,0.00013035950790984963,0.034785900308739404,-0.01867015243187975,0.0052555525782693735,0.02460422777650484,-0.009275562112188957,-0.009275562112188957,-0.009275562112188957,0.004643540652527299,0.004643540652527299,0.004643540652527299
8.705882352941176,0.04416196958388818,0.001300217995820363,0.034556186526766286,-0.017432140563632625,0.007431860568122506,0.03295852081177264,-0.009360912054337582,-0.009360912054337582,-0.009360912054337582,0.004891722344327578,0.004891722344327578,0.004891722344327578
8.752941176470587,0.04552287179938652,0.0018912998054894103,0.03448186104076134,-0.016851381884945393,0.009126793787995524,0.03922054562073729,-0.009441079723718694,-0.009441079723718694,-0.009441079723718694,0.005136004458434928,0.005136004458434928,0.005136004458434928
8.8,0.0464809918313529,0.0021676551928000443,0.0344303215802384,-0.016538921026446385,0.010386743197873471,0.04382945865078591,-0.00951602073889516,-0.00951602073889516,-0.00951602073889516,0.005376192258309563,0.005376192258309563,0.005376192258309563
8.847058823529412,0.04709906400669883,0.002226509501334739,0.03437721553863682,-0.01637561507491414,0.01129086886357289,0.047097352339101395,-0.00958569361194573,-0.00958569361194573,-0.00958569361194573,0.005612094271312473,0.005612094271312473,0.005612094271312473
8.894117647058824,0.047420878227927954,0.002083905315095169,0.03431386217079435,-0.016325676030799485,0.01190141774993636,0.04926277518943856,-0.009650059771433074,-0.009650059771433074,-0.009650059771433074,0.0058435224413434066,0.0058435224413434066,0.0058435224413434066
8.941176470588236,0.04747665436604276,0.0017299918548592252,0.034238256535583655,-0.016402447304002532,0.012241585089697082,0.05046467253938536,-0.009709083583757229,-0.009709083583757229,-0.009709083583757229,0.006070292278755185,0.006070292278755185,0.006070292278755185
8.988235294117647,0.04728074686967432,0.0011476495326407932,0.03415441172739264,-0.01666010086513392,0.012284731891880174,0.050707483442508305,-0.009762732372882625,-0.009762732372882625,-0.009762732372882625,0.0062922230074249855,0.0062922230074249855,0.0062922230074249855
9.035294117647059,0.04680716695804055,0.00028475640875558206,0.03406319064442709,-0.017169021985416144,0.011972206402999674,0.04986670156120532,-0.009810976438427795,-0.009810976438427795,-0.009810976438427795,0.006509137708865205,0.006509137708865205,0.006509137708865205
9.08235294117647,0.04597367587918333,-0.0009745737486366313,0.03395198430684632,-0.017992108428797948,0.011240836650801,0.047737095509378324,-0.009853789072107733,-0.009853789072107733,-0.009853789072107733,0.006720863463259169,0.006720863463259169,0.006720863463259169
9.129411764705882,0.04467073610858607,-0.0027913961191774472,0.03379483901104541,-0.019185365411873434,0.010041399476594215,0.04412677494599526,-0.009891146572519804,-0.009891146572519804,-0.009891146572519804,0.006927231487309148,0.006927231487309148,0.006927231487309148
9.176470588235293,0.0428217712774388,-0.005305809455689703,0.033561102873224335,-0.02078952313255833,0.008362281384339365,0.038984219839176326,-0.009923028258265024,-0.009923028258265024,-0.009923028258265024,0.00712807726878683,0.00712807726878683,0.00712807726878683
9.223529411764705,0.040448727199813295,-0.008541448663993423,0.0332247162862096,-0.02278048297100277,0.0062732475883766625,0.03254225138085376,-0.009949416479397441,-0.009949416479397441,-0.009949416479397441,0.007323240697679017,0.007323240697679017,0.007323240697679017
9.270588235294117,0.037724951443973254,-0.012310626323581486,0.03276977213822008,-0.025001239562884248,0.0039727408114207385,0.025439654546003165,-0.009970296627195284,-0.009970296627195284,-0.009970296627195284,0.007512566193823908,0.007512566193823908,0.007512566193823908
9.31764705882353,0.034980136461367994,-0.016183681747980794,0.03218872564877584,-0.02713136156555418,0.0017965040263931975,0.018721057491528637,-0.00998565714224845,-0.00998565714224845,-0.00998565714224845,0.00769590283093635,0.00769590283093635,0.00769590283093635
9.364705882352942,0.03262225680487596,-0.019580625559725062,0.03147040288027325,-0.028735746511595828,0.00015436389593181943,0.01362551121216038,-0.009995489520857903,-0.009995489520857903,-0.009995489520857903,0.007873104456923045,0.007873104456923045,0.007873104456923045
9.411764705882353,0.030990872316917883,-0.02196497245461715,0.030580249509222224,-0.029378708583908786,-0.0005900553119895235,0.011207899821294998,-0.00999978831974337,-0.00999978831974337,-0.00999978831974337,0.008044029810391961,0.008044029810391961,0.008044029810391961
9.458823529411765,0.03020848380325747,-0.02303979161178127,0.029439939062537945,-0.028737574363070895,-0.00023596131507597207,0.011973333627450344,-0.009998551159056792,-0.009998551159056792,-0.009998551159056792,0.00820854263326288,0.00820854263326288,0.00820854263326288
9.505882352941176,0.030098933795622784,-0.02284498465229934,0.02791453098052532,-0.026652387269175737,0.0012016634964826522,0.015705149635514726,-0.009991778723699819,-0.009991778723699819,-0.009991778723699819,0.008366511779389508,0.008366511779389508,0.008366511779389508
9.552941176470588,0.030209107497531473,-0.02171948624398934,0.025819944906558145,-0.02310419520144036,0.0035217063726622477,0.02155570876718249,-0.00997947476294465,-0.00997947476294465,-0.00997947476294465,0.008517811319106365,0.008517811319106365,0.008517811319106365
9.6,0.029947728320738776,-0.02016064503291526,0.022978188170319935,-0.018188129518300844,0.006417745122925922,0.02834282783638864,-0.009961646088358407,-0.009961646088358407,-0.009961646088358407,0.008662320639617282,0.008662320639617282,0.008662320639617282
9.647058823529411,0.02884588331595417,-0.01864865107534186,0.019357005324918575,-0.012188539213131122,0.009543757147731924,0.034905541998616396,-0.009938302570032191,-0.009938302570032191,-0.009938302570032191,0.008799924541145369,0.008799924541145369,0.008799924541145369
9.694117647058823,0.026883072909637207,-0.017501798326552187,0.015276887006729911,-0.0057811522834758655,0.012515669464618462,0.04036072395908974,-0.009909457131116933,-0.009909457131116933,-0.009909457131116933,0.008930513328767833,0.008930513328767833,0.008930513328767833
9.741176470588234,0.024662832154005887,-0.016816276020882537,0.011519783088862923,-0.0001543434499380325,0.014886905580323795,0.044178827419147915,-0.009875125740669035,-0.009875125740669035,-0.009875125740669035,0.009053982899862475,0.009053982899862475,0.009053982899862475
9.788235294117648,0.023156068167962562,-0.016530913807545344,0.009102972103295581,0.0032763443245613644,0.016205873268371196,0.046104979921877565,-0.00983532740480977,-0.00983532740480977,-0.00983532740480977,0.009170234827096075,0.009170234827096075,0.009170234827096075
9.83529411764706,0.023057006731469265,-0.016586566520497614,0.008741598589715682,0.003547428549755871,0.0161842662680165,0.046026652758388575,-0.00979008415620337,-0.00979008415620337,-0.00979008415620337,0.00927917643688859,0.00927917643688859,0.00927917643688859
9.882352941176471,0.024274383618173356,-0.0170444183680849,0.010417605000946573,0.0006890707583639966,0.014839264644093575,0.043898186367608893,-0.009739421041859545,-0.009739421041859545,-0.009739421041859545,0.009380720883290582,0.009380720883290582,0.009380720883290582
9.929411764705883,0.026033675463372763,-0.018045621197946282,0.013445628144771238,-0.004367420829695767,0.012464258775220394,0.03977224683446767,-0.009683366109267285,-0.009683366109267285,-0.009683366109267285,0.009474787217214972,0.009474787217214972,0.009474787217214972
9.976470588235294,0.02745861620875356,-0.0196560518374278,0.016939416045170574,-0.010383624156561133,0.009468425549119974,0.03390372462350166,-0.009621950390867553,-0.009621950390867553,-0.009621950390867553,0.009561300450967933,0.009561300450967933,0.009561300450967933
10.023529411764706,0.028087950671620288,-0.021740659184650513,0.02024455603132136,-0.016352345848924532,0.006245605028161183,0.02684529389130219,-0.009555207886873477,-0.009555207886873477,-0.009555207886873477,0.00964019161802751,0.00964019161802751,0.00964019161802751
10.070588235294117,0.027994262316930918,-0.02394933710928626,0.023067471833143838,-0.021650842386941704,0.0031481160386879203,0.019463543562662444,-0.009483175546447587,-0.009483175546447587,-0.009483175546447587,0.009711397828022257,0.009711397828022257,0.009711397828022257
10.117647058823529,0.027596667636737404,-0.025796706874136266,0.025372120377682883,-0.025924716359458255,0.0005085368163051385,0.01283988457558527,-0.009405893247246458,-0.009405893247246458,-0.009405893247246458,0.00977486231686612,0.00977486231686612,0.00977486231686612
10.16470588235294,0.027404504541941765,-0.026789878472398776,0.02723302088322077,-0.02895712670779993,-0.001369270804847833,0.008059332099660033,-0.009323403773344148,-0.009323403773344148,-0.009323403773344148,0.009830534492009574,0.009830534492009574,0.009830534492009574
10.211764705882352,0.027822902526712046,-0.02656759585234525,0.02874257764761534,-0.030636701127299215,-0.002266635394470029,0.0059389294590750374,-0.009235752791546597,-0.009235752791546597,-0.009235752791546597,0.009878369972770917,0.009878369972770917,0.009878369972770917
10.258823529411764,0.02904440716694978,-0.025011298410826388,0.029974981837430636,-0.030991315374952144,-0.0021170458965986683,0.006794255001959293,-0.009142988826110136,-0.009142988826110136,-0.009142988826110136,0.009918330625715637,0.009918330625715637,0.009918330625715637
10.305882352941177,0.031022906042587728,-0.022284526782056835,0.030981236762167352,-0.03021421482298603,-0.001036607821940816,0.01034855325004802,-0.009045163231878081,-0.009045163231878081,-0.009045163231878081,0.009950384595055553,0.009950384595055553,0.009950384595055553
10.352941176470589,0.03352305043308723,-0.01877696085635505,0.031795821859943896,-0.028635787584572192,0.0007070821748031975,0.015836792958139334,-0.008942330165850316,-0.008942330165850316,-0.008942330165850316,0.009974506328043593,0.009974506328043593,0.009974506328043593
10.4,0.03622247241404741,-0.014972565076922795,0.03244483474869986,-0.02664106767527974,0.0027782421877962094,0.02226713837804839,-0.008834546557201532,-0.008834546557201532,-0.008834546557201532,0.009990676595343903,0.009990676595343903,0.009990676595343903
10.447058823529412,0.038823244584409444,-0.011302286229835534,0.032951625880715874,-0.024571799612536527,0.004870222215810127,0.028723095559356704,-0.008721872075764825,-0.008721872075764825,-0.008721872075764825,0.00999888250636106,0.00999888250636106,0.00999888250636106
10.494117647058824,0.04112716514434789,-0.008047586240069515,0.03333926912746321,-0.022660488318745564,0.0067736852950068815,0.034576946987447066,-0.008604369098998007,-0.008604369098998007,-0.008604369098998007,0.00999911751951619,0.00999911751951619,0.00999911751951619
10.541176470588235,0.04305454434331013,-0.005323750588131837,0.03363047235613825,-0.021018413033000893,0.008394959825025694,0.039551927581244595,-0.008482102677450965,-0.008482102677450965,-0.008482102677450965,0.00999138144746177,0.00999138144746177,0.00999138144746177
10.588235294117647,0.0446184756529866,-0.0031233255953140304,0.03384597677014778,-0.019664993642457773,0.009733685709226503,0.04365892607444444,-0.008355140498753185,-0.008355140498753185,-0.008355140498753185,0.009975680457230985,0.009975680457230985,0.009975680457230985
10.635294117647058,0.04588134091445406,-0.0013782326520630495,0.03400276174891381,-0.01857040226327289,0.010842710104789877,0.04707478249899788,-0.008223552850141352,-0.008223552850141352,-0.008223552850141352,0.009952027065321487,0.009952027065321487,0.009952027065321487
10.68235294117647,0.04691459728027292,-8.87453335285393e-06,0.03411320436327214,-0.017690001765904295,0.011788635498434008,0.05001657384200442,-0.008087412579547804,-0.008087412579547804,-0.008087412579547804,0.009920440127717525,0.009920440127717525,0.009920440127717525
10.729411764705882,0.047771324089040945,0.0010511412054092784,0.03418564798896373,-0.016982737200590847,0.012622206092176125,0.05264101368533369,-0.007946795055271351,-0.007946795055271351,-0.007946795055271351,0.009880944824858337,0.009880944824858337,0.009880944824858337
10.776470588235293,0.04847442490339082,0.0018512822528120587,0.03422595159201158,-0.016414917734889567,0.013363520832609055,0.054989302167402165,-0.007801778124252812,-0.007801778124252812,-0.007801778124252812,0.009833572641564842,0.009833572641564842,0.009833572641564842
10.823529411764707,0.04902068389051095,0.0024309232664840863,0.03423903894979752,-0.01595551633843284,0.014005336680454228,0.05699521925351059,-0.007652442068978339,-0.007652442068978339,-0.007652442068978339,0.009778361341940609,0.009778361341940609,0.009778361341940609
10.870588235294118,0.049396825508374764,0.0028260474164689686,0.03422980460635072,-0.0155710607088273,0.01453157874585509,0.058552228076423685,-0.007498869563034447,-0.007498869563034447,-0.007498869563034447,0.009715354939267107,0.009715354939267107,0.009715354939267107
10.91764705882353,0.049597700286089896,0.0030702023210986695,0.034203270942294584,-0.015225439859074097,0.014940033795387997,0.059599519056952044,-0.007341145625339242,-0.007341145625339242,-0.007341145625339242,0.009644603660917251,0.009644603660917251,0.009644603660917251
10.964705882352941,0.04963172445067787,0.0031850401824760066,0.03416291955863837,-0.01487968453013977,0.015261033624212939,0.060178476974535045,-0.007179357573075315,-0.007179357573075315,-0.007179357573075315,0.009566163908315198,0.009566163908315198,0.009566163908315198
11.011764705882353,0.04950030947758366,0.003150784495260517,0.034108958126420674,-0.014480770696944756,0.015575186239503047,0.06042816220252023,-0.007013594973350287,-0.007013594973350287,-0.007013594973350287,0.009480098211974326,0.009480098211974326,0.009480098211974326
11.058823529411764,0.04917515575022291,0.002862533198742856,0.03406886978814461,-0.013980711264613976,0.01602619888236889,0.06048342097091419,-0.006843949593611752,-0.006843949593611752,-0.006843949593611752,0.009386475181649223,0.009386475181649223,0.009386475181649223
11.105882352941176,0.04879691479021275,0.0021824722833467813,0.034320735525119606,-0.013700507285399954,0.01677987660749558,0.06029413189478472,-0.006670515350844134,-0.006670515350844134,-0.006670515350844134,0.009285369451641452,0.009285369451641452,0.009285369451641452
11.152941176470588,0.04944384512706668,0.0014213642900562373,0.03584961431668798,-0.01537181128111964,0.017734214521053282,0.059712666994057084,-0.006493388259575504,-0.006493388259575504,-0.006493388259575504,0.009176861621302653,0.009176861621302653,0.009176861621302653
11.2,0.05107801474099816,0.0017588629975153758,0.03775837452262332,-0.018396550330651795,0.017640930543673772,0.05846159559220743,-0.006312666378723217,-0.006312666378723217,-0.006312666378723217,0.009061038190782451,0.009061038190782451,0.009061038190782451
11.24705882352941,0.049955567025246506,0.003468547721258819,0.036279253768372044,-0.01681807698626514,0.015091438558473058,0.05433030140932793,-0.006128449757307727,-0.006128449757307727,-0.006128449757307727,0.008937991492072363,0.008937991492072363,0.008937991492072363
11.294117647058822,0.0479650374847016,0.005070650376979069,0.035109577021458005,-0.015224569102675112,0.011696017618744392,0.04554094559437871,-0.005940840379064697,-0.005940840379064697,-0.005940840379064697,0.008807819615400668,0.008807819615400668,0.008807819615400668
11.341176470588236,0.046201397118274645,0.0057947881339905916,0.035185786453259205,-0.01515501210065251,0.008743230293293713,0.03507490342991337,-0.005749942105986001,-0.005749942105986001,-0.005749942105986001,0.008670626331036973,0.008670626331036973,0.008670626331036973
11.388235294117647,0.045152574885469754,0.006079003953984641,0.03550221804577758,-0.015476130465495785,0.007023897401418733,0.028133302329088394,-0.005555860620820964,-0.005555860620820964,-0.005555860620820964,0.008526521006568748,0.008526521006568748,0.008526521006568748
11.435294117647059,0.045627858405684396,0.006302036672628963,0.03588464827404536,-0.015950386114403692,0.007326367069401929,0.028572799858297415,-0.005358703368569531,-0.005358703368569531,-0.005358703368569531,0.008375618519715768,0.008375618519715768,0.008375618519715768
11.48235294117647,0.0520694020361927,0.00596441208938181,0.04125674753480624,-0.02486893731337414,0.01053244866573566,0.036557860411311704,-0.005158579496999925,-0.005158579496999925,-0.005158579496999925,0.008218039166752053,0.008218039166752053,0.008218039166752053
11.529411764705882,0.08936813646690611,0.005778407809704067,0.07968643426385791,-0.08687895725723838,0.020350273981678768,0.04637483794401698,-0.004955599796223595,-0.004955599796223595,-0.004955599796223595,0.008053908566608207,0.008053908566608207,0.008053908566608207
11.576470588235294,0.06527207899680709,-0.0004577137387442587,0.05810922739240043,-0.053822878507720606,0.02040825902678689,0.034830645026399765,-0.00474987663736096,-0.00474987663736096,-0.00474987663736096,0.007883357560730643,0.007883357560730643,0.007883357560730643
11.623529411764705,0.07302554485811319,-0.00807715237201645,0.0727826226091377,-0.07865265120371578,0.028621685572999933,0.01819396835282916,-0.004541523910331896,-0.004541523910331896,-0.004541523910331896,0.007706522108777586,0.007706522108777586,0.007706522108777586
11.670588235294117,0.05135505767115367,0.0003477526992723412,0.04876498747826563,-0.038497334663968985,0.009910947281179805,0.0072360372276332185,-0.0043306569608053975,-0.0043306569608053975,-0.0043306569608053975,0.007523543180234875,0.007523543180234875,0.007523543180234875
11.717647058823529,0.04210529246773165,0.005515642717282887,0.03631040918775419,-0.016979161984715052,0.002589741977109483,0.010208188656860795,-0.0041173925263433345,-0.0041173925263433345,-0.0041173925263433345,0.00733456664203808,0.00733456664203808,0.00733456664203808
11.76470588235294,0.043040353909859164,0.00651027253833103,0.03544104068263154,-0.014885433356617739,0.003986621003969848,0.017268203950207894,-0.00390184867177364,-0.00390184867177364,-0.00390184867177364,0.007139743142290465,0.007139743142290465,0.007139743142290465
11.811764705882354,0.04391822889024466,0.006873538078611574,0.0353669799898495,-0.014450424588330346,0.005080822053669554,0.021387240182578537,-0.0036841447238287073,-0.0036841447238287073,-0.0036841447238287073,0.006939227990169474,0.006939227990169474,0.006939227990169474
11.858823529411765,0.04440356032682091,0.0070792579078287066,0.035352037186584084,-0.014246587873698147,0.005670959039166146,0.023547226409581956,-0.0034644012050852276,-0.0034644012050852276,-0.0034644012050852276,0.006733181032117599,0.006733181032117599,0.006733181032117599
11.905882352941177,0.04489247451547396,0.007201751146579394,0.03533247410509377,-0.014103718749853833,0.006291685763232913,0.02585006425856129,-0.003242739767241917,-0.003242739767241917,-0.003242739767241917,0.00652176652441611,0.00652176652441611,0.00652176652441611
11.952941176470588,0.04382631382910285,0.007657732540992557,0.03548044332125189,-0.013999252546294194,0.004679442280090651,0.019471379768436048,-0.0030192831237722357,-0.0030192831237722357,-0.0030192831237722357,0.00630515300224345,0.00630515300224345,0.00630515300224345
12.0,0.041248265190021005,0.0081423132893923,0.035772332279661256,-0.014134941270681267,0.0009901876001636722,0.005095109086703076,-0.0027941549819892587,-0.0027941549819892587,-0.0027941549819892587,0.006083513145322552,0.006083513145322552,0.006083513145322552
